{"assets/IOS1024x1024.png":["assets/IOS1024x1024.png"],"assets/android864x864.png":["assets/android864x864.png"],"assets/apple_icon.png":["assets/apple_icon.png"],"assets/bathing.svg":["assets/bathing.svg"],"assets/curlybabylogo.png":["assets/curlybabylogo.png"],"assets/facebook_icon.png":["assets/facebook_icon.png"],"assets/fonts/SourceHanSans-Regular.ttf":["assets/fonts/SourceHanSans-Regular.ttf"],"assets/google_icon.png":["assets/google_icon.png"],"assets/home.svg":["assets/home.svg"],"assets/loading.png":["assets/loading.png"],"assets/logo3.png":["assets/logo3.png"],"assets/partnerAd1.png":["assets/partnerAd1.png"],"assets/partnerAd2.png":["assets/partnerAd2.png"],"assets/partnerAd3.png":["assets/partnerAd3.png"],"assets/paw3.svg":["assets/paw3.svg"],"assets/pets.svg":["assets/pets.svg"],"assets/scissor.svg":["assets/scissor.svg"],"packages/cupertino_icons/assets/CupertinoIcons.ttf":["packages/cupertino_icons/assets/CupertinoIcons.ttf"],"packages/font_awesome_flutter/lib/fonts/fa-brands-400.ttf":["packages/font_awesome_flutter/lib/fonts/fa-brands-400.ttf"],"packages/font_awesome_flutter/lib/fonts/fa-regular-400.ttf":["packages/font_awesome_flutter/lib/fonts/fa-regular-400.ttf"],"packages/font_awesome_flutter/lib/fonts/fa-solid-900.ttf":["packages/font_awesome_flutter/lib/fonts/fa-solid-900.ttf"]}